agent,total_commits,refactoring_commits,mean_refactorings,median_refactorings,std_refactorings,max_refactorings,refactoring_rate_%
Claude_Code,37,22,453.5135135135135,5.0,739.5005304491232,2320,59.45945945945946
Copilot,1190,156,13.20672268907563,0.0,126.60128981248745,2646,13.109243697478993
Cursor,68,7,0.45588235294117646,0.0,1.6700507055436724,10,10.294117647058822
Devin,41,5,1.7073170731707317,0.0,5.2642373732527705,24,12.195121951219512
Human,3249,1142,3.1223888591322977,0.0,12.783103428687317,214,35.14927670052324
OpenAI_Codex,1290,223,2.789922480620155,0.0,27.738976018037953,771,17.286821705426355
